<?xml version="1.0" encoding="UTF-8"?>

<beans xmlns="http://www.springframework.org/schema/beans"
 xmlns:xsi="http://www.w3.org/2001/XMLSchema-instance"
 xmlns:context="http://www.springframework.org/schema/context"
 xsi:schemaLocation="http://www.springframework.org/schema/beans
 http://www.springframework.org/schema/beans/spring-beans.xsd
    http://www.springframework.org/schema/context
 http://www.springframework.org/schema/context/spring-context.xsd">
 
<context:annotation-config/>

<bean id="mydbinfo" class="com.mybean.MyDbInfo">
<property name="dbInfo" value="data_base connection to mysql"/>
</bean>

<bean id="mydbinfo1" class="com.mybean.MyDbInfo">
<property name="dbInfo" value="data_base connection to mongodb"/>
</bean>

 <bean id="service_plan1" class="com.mybean.ServicePlan">
 	<property name="planName" value="Half Yearly Plan"/>
 	<property name="validityDays" value="180"/>
 	<property name="price" value="599"/>
 </bean>
 <bean id="service_plan2" class="com.mybean.ServicePlan">
 	<property name="planName" value="Half Yearly Plan"/>
 	<property name="validityDays" value="180"/>
 	<property name="price" value="599"/>
 </bean>
 <bean id="customer" class="com.mybean.Customer">
 	<property name="customerName" value="Peter Jones"/>
 	<property name="emailId" value="peter@gmail.com"/>
 	<property name="mobileNo" value="9983434344"/>
 	 	
 
 </bean>
 </beans>